userID,Recomendacion
50,745,4.320758928571428,923,4.215490249129955,912,4.210214177984486,2019,4.153334859584859,903,4.14634657192223,1252,3.9746131232813493,111,3.970972865876517,953,3.912647480550925,750,3.902653301095402,920,3.895614801864802
50,2019,4.309788602941176,750,4.1780256003411385,5618,4.151391248554077,4973,4.0986101572039075,912,4.0886683704278814,1252,4.057218567251462,924,3.965634410878976,745,3.9488839285714286,6016,3.9131335678210677,48780,3.8919811958874457
